Workbook

Sheet Failure Log
A1: Observations: | B1: Time Index | C1: Date | D1: Operation | E1: Group | F1: note | G1: # Characters | H1: Word Count
A2: 08:30:00 | B2: 1 | C2: 12 | D2: RTD/PAT | E2: =INDEX('Group Reference Table'!$B$3:$B$17,MATCH('Failure Log'!D2,'Group Reference Table'!$A$3:$A$17,0)) -> RTD/PAT | F2: Blend NIR - Concentration predicting closer to 10% (previous day closer to 11%). Batch was stopped and NIR reject limts changes to reflect new target (+/- 10%) (KM) | G2: =LEN(F2) -> 164 | H2: =LEN(TRIM(F2))-LEN(SUBSTITUTE(TRIM(F2)," ",""))+1 -> 28
A3: 08:30:00 | B3: 1 | C3: 12 | D3: Quality | E3: =INDEX('Group Reference Table'!$B$3:$B$17,MATCH('Failure Log'!D3,'Group Reference Table'!$A$3:$A$17,0)) -> Quality | F3: Run Start - 8:13 AM - Batch Ref = 20180112_8h7m (PO) | G3: =LEN(F3) -> 52 | H3: =LEN(TRIM(F3))-LEN(SUBSTITUTE(TRIM(F3)," ",""))+1 -> 11
A4: 09:00:00 | B4: 2 | C4: 12 | D4: Quality | E4: =INDEX('Group Reference Table'!$B$3:$B$17,MATCH('Failure Log'!D4,'Group Reference Table'!$A$3:$A$17,0)) -> Quality | F4: Run restart - 8:43 AM - Batch Ref: 20180112-8h37m using new blend NIR limits (PO) | G4: =LEN(F4) -> 81 | H4: =LEN(TRIM(F4))-LEN(SUBSTITUTE(TRIM(F4)," ",""))+1 -> 15
A5: 10:00:00 | B5: 4 | C5: 12 | D5: Feeding | E5: =INDEX('Group Reference Table'!$B$3:$B$17,MATCH('Failure Log'!D5,'Group Reference Table'!$A$3:$A$17,0)) -> Feeder/Feeding | F5: Avicel PD4 - Communnication alarm resulted in system stop.Same communication error from previous day. System reset and restarted.(PO) | G5: =LEN(F5) -> 133 | H5: =LEN(TRIM(F5))-LEN(SUBSTITUTE(TRIM(F5)," ",""))+1 -> 18
A6: 11:30:00 | B6: 7 | C6: 12 | D6: RTD/PAT | E6: =INDEX('Group Reference Table'!$B$3:$B$17,MATCH('Failure Log'!D6,'Group Reference Table'!$A$3:$A$17,0)) -> RTD/PAT | F6: Blend NIR - Spike in prediction coincides with the scraping of the probe. Also an avicel drum change was made. Evaluate if shift coincides with Drum change.(PO) | G6: =LEN(F6) -> 160 | H6: =LEN(TRIM(F6))-LEN(SUBSTITUTE(TRIM(F6)," ",""))+1 -> 27
A7: 12:30:00 | B7: 9 | C7: 12 | D7: RTD/PAT | E7: =INDEX('Group Reference Table'!$B$3:$B$17,MATCH('Failure Log'!D7,'Group Reference Table'!$A$3:$A$17,0)) -> RTD/PAT | F7: Blend NIR - noticable peak in Api concentration- Evaluate if due to buildup of PAI on outlet of screw feeder (PD3) and then falling into feeder manifold- not confirmed (PO) | G7: =LEN(F7) -> 172 | H7: =LEN(TRIM(F7))-LEN(SUBSTITUTE(TRIM(F7)," ",""))+1 -> 30
A8: 13:00:00 | B8: 10 | C8: 12 | D8: RTD/PAT | E8: =INDEX('Group Reference Table'!$B$3:$B$17,MATCH('Failure Log'!D8,'Group Reference Table'!$A$3:$A$17,0)) -> RTD/PAT | F8: Blend NIR - appearace of concentration drift from the start of campaign 10.4% to 10.7% over 45 min time period.Noticed that RTD and Api feeder do not reflect change. (PO) | G8: =LEN(F8) -> 170 | H8: =LEN(TRIM(F8))-LEN(SUBSTITUTE(TRIM(F8)," ",""))+1 -> 30
A9: 13:30:00 | B9: 11 | C9: 12 | D9: Feeding | E9: =INDEX('Group Reference Table'!$B$3:$B$17,MATCH('Failure Log'!D9,'Group Reference Table'!$A$3:$A$17,0)) -> Feeder/Feeding | F9: Avicel PD4 - Vacuum hopper ran empty due to void in bulk created by vacuum wand. Poor flow of material did not fill void. Process Stopped. Redistributed material in drum and restart system- issue resolved- (KM) | G9: =LEN(F9) -> 210 | H9: =LEN(TRIM(F9))-LEN(SUBSTITUTE(TRIM(F9)," ",""))+1 -> 36
A10: 14:30:00 | B10: 13 | C10: 12 | D10: Feeding | E10: =INDEX('Group Reference Table'!$B$3:$B$17,MATCH('Failure Log'!D10,'Group Reference Table'!$A$3:$A$17,0)) -> Feeder/Feeding | F10: Avicel PD4 - Communnication alarm resulted in process stop.Same communication error from previous day. System reset and restarted.(PO) | G10: =LEN(F10) -> 134 | H10: =LEN(TRIM(F10))-LEN(SUBSTITUTE(TRIM(F10)," ",""))+1 -> 18
A11: 14:30:00 | B11: 13 | C11: 12 | D11: RTD/PAT | E11: =INDEX('Group Reference Table'!$B$3:$B$17,MATCH('Failure Log'!D11,'Group Reference Table'!$A$3:$A$17,0)) -> RTD/PAT | F11: Ejection force high- System Paused but not evidenceof high ejection force. Restarted, no further issue. (AT) | G11: =LEN(F11) -> 108 | H11: =LEN(TRIM(F11))-LEN(SUBSTITUTE(TRIM(F11)," ",""))+1 -> 16
A12: 15:00:00 | B12: 14 | C12: 12 | D12: Feeding | E12: =INDEX('Group Reference Table'!$B$3:$B$17,MATCH('Failure Log'!D12,'Group Reference Table'!$A$3:$A$17,0)) -> Feeder/Feeding | F12: Avicel PD4& PD1- Vacuum hopper ran empty due to void in bulk created by vacuum wand. Poor flow of material did not fill void. Process stopped. Root cause unknown for PD1 (possible blinding of the sensor in the hopper).Redistributed material in drum and restart system- issue resolved- (AT) | G12: =LEN(F12) -> 289 | H12: =LEN(TRIM(F12))-LEN(SUBSTITUTE(TRIM(F12)," ",""))+1 -> 48
A13: 15:00:00 | B13: 14 | C13: 12 | D13: RTD/PAT | E13: =INDEX('Group Reference Table'!$B$3:$B$17,MATCH('Failure Log'!D13,'Group Reference Table'!$A$3:$A$17,0)) -> RTD/PAT | F13: Tablet hardness trending high- compression force was reducing to compensate from 8.0 kp to 7.2 kp. New limits were rquired to be set for force to reflect change. (AT) | G13: =LEN(F13) -> 166 | H13: =LEN(TRIM(F13))-LEN(SUBSTITUTE(TRIM(F13)," ",""))+1 -> 29
... A174: 10:00:00 | B174: 21 | C174: 17 | D174: Electronic Communication | E174: =INDEX('Group Reference Table'!$B$3:$B$17,MATCH('Failure Log'!D174,'Group Reference Table'!$A$3:$A$17,0)) -> Electronic Communication | F174: Avicel PD2 | G174: =LEN(F174) -> 10 | H174: =LEN(TRIM(F174))-LEN(SUBSTITUTE(TRIM(F174)," ",""))+1 -> 2
G177: =MAX(G2:G174) -> 624 | H177: =MAX(H2:H174) -> 108
G178: =MIN(G2:G174) -> 3 | H178: =MIN(H2:H174) -> 1

Sheet Failure Pivot
A3: Row Labels | B3: Count of Observations:
A4: Adjustment | B4: 5
A5: Blending | B5: 4
A6: Cleaning | B6: 13
A7: Compression | B7: 11
A8: Electronic Communication | B8: 29
A9: Feeder/Feeding | B9: 77
A10: NIR | B10: 2
A11: Quality | B11: 11
A12: RTD/PAT | B12: 20
A13: Tablets | B13: 1
A14: Grand Total | B14: 173

Sheet Feeder Failure
A1: Details for Count of Observations: - Group: Feeder/Feeding
A3: Observations: | B3: Time Index | C3: Date | D3: Operation | E3: Group | F3: note
A4: 11:30:00 | B4: 24 | C4: 17 | D4: Feeding | E4: Feeder/Feeding | F4: LHP found to have Broken seal
A5: 11:00:00 | B5: 23 | C5: 17 | D5: Feeding | E5: Feeder/Feeding | F5: Batch Complete
A6: 10:00:00 | B6: 21 | C6: 17 | D6: Feeding | E6: Feeder/Feeding | F6: Avicel PD2 Communication error - Process Stopped. Acknowledged and restarted (AG)
A7: 10:00:00 | B7: 4 | C7: 12 | D7: Feeding | E7: Feeder/Feeding | F7: Avicel PD4 - Communnication alarm resulted in system stop.Same communication error from previous day. System reset and restarted.(PO)
A8: 06:30:00 | B8: 14 | C8: 17 | D8: Feeding | E8: Feeder/Feeding | F8: Avicel PD4 Communication error - Process Stopped. Acknowledged and restarted (KM)_x000D_ Crosscarm PD5 Communication error - Process Stopped. Acknowledged and restarted (KM)_x000D_
A9: 04:30:00 | B9: 10 | C9: 17 | D9: Feeding | E9: Feeder/Feeding | F9: Crosscarm PD5 Communication error - Process Stopped. Acknowledged and restarted (AG)
A10: 02:30:00 | B10: 6 | C10: 17 | D10: Feeding | E10: Feeder/Feeding | F10: Avicel PD4 Communication error - Process Stopped. Acknowledged and restarted (AG)
A11: 13:30:00 | B11: 11 | C11: 12 | D11: Feeding | E11: Feeder/Feeding | F11: Avicel PD4 - Vacuum hopper ran empty due to void in bulk created by vacuum wand. Poor flow of material did not fill void. Process Stopped. Redistributed material in drum and restart system- issue resolved- (KM)
A12: 14:30:00 | B12: 13 | C12: 12 | D12: Feeding | E12: Feeder/Feeding | F12: Avicel PD4 - Communnication alarm resulted in process stop.Same communication error from previous day. System reset and restarted.(PO)
A13: 16:30:00 | B13: 34 | C13: 16 | D13: Feeders | E13: Feeder/Feeding | F13: Lactose Refill Failure
A14: 15:00:00 | B14: 14 | C14: 12 | D14: Feeding | E14: Feeder/Feeding | F14: Avicel PD4& PD1- Vacuum hopper ran empty due to void in bulk created by vacuum wand. Poor flow of material did not fill void. Process stopped. Root cause unknown for PD1 (possible blinding of the sensor in the hopper).Redistributed material in drum and restart system- issue resolved- (AT)
A15: 23:00:00 | B15: 47 | C15: 16 | D15: Feeding | E15: Feeder/Feeding | F15: Lactose PD2 Communication error - Process Stopped. Acknowledged and restarted (AG)
... A80: 05:30:00 | B80: 12 | C80: 14 | D80: Feeding | E80: Feeder/Feeding | F80: Avicel PD4 Communication error - Process Paused. Acknowledged and restarted (AG)

Sheet Electronic Communication Failur
A1: Details for Count of Observations: - Group: Electronic Communication
A3: Observations: | B3: Time Index | C3: Date | D3: Operation | E3: Group | F3: note
A4: 10:00:00 | B4: 21 | C4: 17 | D4: Electronic Communication | E4: Electronic Communication | F4: Avicel PD2
A5: 06:30:00 | B5: 14 | C5: 17 | D5: Electronic Communication | E5: Electronic Communication | F5: Avicel PD4/Crosscarm PD5
A6: 04:30:00 | B6: 10 | C6: 17 | D6: Electronic Communication | E6: Electronic Communication | F6: Crosscarm PD5
A7: 02:30:00 | B7: 6 | C7: 17 | D7: Electronic Communication | E7: Electronic Communication | F7: Avicel PD4
A8: 23:00:00 | B8: 47 | C8: 16 | D8: Electronic Communication | E8: Electronic Communication | F8: Lactose PD 2
A9: 19:30:00 | B9: 40 | C9: 16 | D9: Electronic Communication | E9: Electronic Communication | F9: Avicel PD1
A10: 15:30:00 | B10: 32 | C10: 16 | D10: Electronic Communication | E10: Electronic Communication | F10: Avicel PD2 Communication error - Process Stopped. Acknowledged and restarted (AT)
A11: 13:30:00 | B11: 28 | C11: 16 | D11: Electronic Communication | E11: Electronic Communication | F11: Avcicel PD4
A12: 07:00:00 | B12: 15 | C12: 16 | D12: Electronic Communication | E12: Electronic Communication | F12: Avcicel PD2
A13: 22:30:00 | B13: 46 | C13: 15 | D13: Electronic Communication | E13: Electronic Communication | F13: Avicel
A14: 14:30:00 | B14: 30 | C14: 15 | D14: Electronic Communication | E14: Electronic Communication | F14: Lactose PD2
A15: 11:30:00 | B15: 24 | C15: 15 | D15: Electronic Communication | E15: Electronic Communication | F15: Avicel PD4 & Crosscarm PD5
... A32: 13:30:00 | B32: 28 | C32: 13 | D32: Electronic Communication | E32: Electronic Communication | F32: crosscarm PD5

Sheet Group Reference Table
A1: Reference Table
A2: Logbook Label | B2: New Label
A3: RTD/PAT | B3: RTD/PAT
A4: Quality | B4: Quality
A5: Feeding | B5: Feeder/Feeding
A6: RTD/PAT | B6: RTD/PAT
A7: Electronic Communication | B7: Electronic Communication
A8: NIR | B8: NIR
A9: Feeders | B9: Feeder/Feeding
A10: tablets | B10: Tablets
A11: Adjustment | B11: Adjustment
A12: Feeder | B12: Feeder/Feeding
A13: RTD | B13: RTD/PAT
... A17: Blending | B17: Blending
